bucket_id,name,mimetype
uploads,3a1055fa-6d89-4f3a-b9dc-e41452d61836/1768325948565.png,image/png
uploads,41c74c33-4360-4f4a-9cce-99201bdf13ec/avatar-1775793157582.jpeg,image/jpeg
uploads,55549331-1e76-4953-b3e2-58f5f022d819/1765862791064-hx2oca.png,image/png
uploads,55549331-1e76-4953-b3e2-58f5f022d819/1765863512424-c47uu.jpg,image/jpeg
uploads,55549331-1e76-4953-b3e2-58f5f022d819/1765863575594-iqfdf9.pdf,application/pdf
uploads,55549331-1e76-4953-b3e2-58f5f022d819/1766123251615-6y7k68.jpg,image/jpeg
uploads,55549331-1e76-4953-b3e2-58f5f022d819/1766124942588-rkc7ux.pptx,application/vnd.openxmlformats-officedocument.presentationml.presentation
uploads,5925acd2-d0e0-4fa8-be17-159ccd573137/1767454460950.jpg,image/jpeg
uploads,67e36d0c-e412-43f3-9032-319074e64341/1766813760886-8u1wvt.png,image/png
uploads,67e36d0c-e412-43f3-9032-319074e64341/1767105115862.jpg,image/jpeg
uploads,67e36d0c-e412-43f3-9032-319074e64341/1767586892133.jpg,image/jpeg
uploads,8302157a-601a-4d35-a962-f518faafd542/1769837863609-5sl1xp.pdf,application/pdf
uploads,9f3751cd-1bce-4545-bd78-d9f2ac653e82/1769954644844-hfwcw8.pdf,application/pdf
uploads,a8252212-2b8c-4d28-af66-3c1f3ed9f8af/1767418965425.png,image/png
uploads,a8252212-2b8c-4d28-af66-3c1f3ed9f8af/1767419040205.avif,image/avif
uploads,a8252212-2b8c-4d28-af66-3c1f3ed9f8af/1767419283266.webp,image/webp
uploads,b04334cb-6eb5-4350-b0bf-3375ca8259a4/1775243266603-p9703l.mp4,video/mp4
uploads,b04334cb-6eb5-4350-b0bf-3375ca8259a4/1775243302076-3vm7t7.mp4,video/mp4
uploads,b04334cb-6eb5-4350-b0bf-3375ca8259a4/1775243326195-1gyg0f.mp4,video/mp4
uploads,b04334cb-6eb5-4350-b0bf-3375ca8259a4/1775243347441-8qtj7r.mp4,video/mp4
uploads,b04334cb-6eb5-4350-b0bf-3375ca8259a4/1775442647866-s0xvpo.mp4,video/mp4
uploads,b04334cb-6eb5-4350-b0bf-3375ca8259a4/1775484428160-sic4pg.mp4,video/mp4
uploads,b04334cb-6eb5-4350-b0bf-3375ca8259a4/1775497983239-rmyoco.mp4,video/mp4
uploads,b04334cb-6eb5-4350-b0bf-3375ca8259a4/avatar-1775285016449.png,image/png
uploads,b42a12be-36ac-4293-8c4d-344ca739bfe7/1767669247712.jpeg,image/jpeg
uploads,b42a12be-36ac-4293-8c4d-344ca739bfe7/1767669284368.avif,image/avif
uploads,b42a12be-36ac-4293-8c4d-344ca739bfe7/1767669349821.jpeg,image/jpeg
uploads,b42a12be-36ac-4293-8c4d-344ca739bfe7/1767669383054.jpeg,image/jpeg
uploads,b42a12be-36ac-4293-8c4d-344ca739bfe7/1767669419464.jpeg,image/jpeg
uploads,b42a12be-36ac-4293-8c4d-344ca739bfe7/1767670160484.jpeg,image/jpeg
uploads,b42a12be-36ac-4293-8c4d-344ca739bfe7/1767670210951.jpeg,image/jpeg
uploads,b42a12be-36ac-4293-8c4d-344ca739bfe7/1767670246792.avif,image/avif
uploads,b42a12be-36ac-4293-8c4d-344ca739bfe7/1767670378288.jpeg,image/jpeg
uploads,b42a12be-36ac-4293-8c4d-344ca739bfe7/1767670411444.avif,image/avif
uploads,b42a12be-36ac-4293-8c4d-344ca739bfe7/1767672537006.jpeg,image/jpeg
uploads,b42a12be-36ac-4293-8c4d-344ca739bfe7/1767672557305.avif,image/avif
uploads,b42a12be-36ac-4293-8c4d-344ca739bfe7/1767672587349.jpeg,image/jpeg
uploads,b42a12be-36ac-4293-8c4d-344ca739bfe7/1767672620801.jpeg,image/jpeg
uploads,c5ada37c-2af2-4ac0-b4c6-3b739d0c5b4b/1765846692956-u3wj8b.pdf,application/pdf
uploads,c5ada37c-2af2-4ac0-b4c6-3b739d0c5b4b/1765847036375-a7nwm5.mp4,video/mp4
uploads,c5ada37c-2af2-4ac0-b4c6-3b739d0c5b4b/1766070592785-4bhrlr.webp,image/webp
uploads,c5ada37c-2af2-4ac0-b4c6-3b739d0c5b4b/1766070704357-a45p7.png,image/png
uploads,c5ada37c-2af2-4ac0-b4c6-3b739d0c5b4b/1766078025673-f1hjdp.png,image/png
uploads,c5ada37c-2af2-4ac0-b4c6-3b739d0c5b4b/1766078570854-emr8eh.pdf,application/pdf
uploads,c5ada37c-2af2-4ac0-b4c6-3b739d0c5b4b/1767028402027.jpg,image/jpeg
uploads,c5ada37c-2af2-4ac0-b4c6-3b739d0c5b4b/1767028492694.jpeg,image/jpeg
uploads,c5ada37c-2af2-4ac0-b4c6-3b739d0c5b4b/1768586156839-s0bkj5.pdf,application/pdf
uploads,c5ada37c-2af2-4ac0-b4c6-3b739d0c5b4b/1768586193549-y58stmj.xlsx,application/vnd.openxmlformats-officedocument.spreadsheetml.sheet
uploads,c5ada37c-2af2-4ac0-b4c6-3b739d0c5b4b/1768586217962-afczl.pptx,application/vnd.openxmlformats-officedocument.presentationml.presentation
uploads,c5ada37c-2af2-4ac0-b4c6-3b739d0c5b4b/1774888908908-ia8rb.mp4,video/mp4
uploads,c5ada37c-2af2-4ac0-b4c6-3b739d0c5b4b/1774888943309-1u0tjk.mp4,video/mp4
uploads,c5ada37c-2af2-4ac0-b4c6-3b739d0c5b4b/1774888967626-95lxs.mp4,video/mp4
uploads,c5ada37c-2af2-4ac0-b4c6-3b739d0c5b4b/1775202902235-jeqlx8.mp4,video/mp4
uploads,c5ada37c-2af2-4ac0-b4c6-3b739d0c5b4b/1775203599940-ai4gvi.mp4,video/mp4
uploads,c5ada37c-2af2-4ac0-b4c6-3b739d0c5b4b/1775203650446-03khb.mp4,video/mp4
uploads,c5ada37c-2af2-4ac0-b4c6-3b739d0c5b4b/1775203678870-extcm6.mp4,video/mp4
uploads,c5ada37c-2af2-4ac0-b4c6-3b739d0c5b4b/1775203700965-lcn5c.mp4,video/mp4
uploads,c5ada37c-2af2-4ac0-b4c6-3b739d0c5b4b/1775203718610-f8l60k.mp4,video/mp4
uploads,c5ada37c-2af2-4ac0-b4c6-3b739d0c5b4b/1775203738935-6al2js.mp4,video/mp4
uploads,c5ada37c-2af2-4ac0-b4c6-3b739d0c5b4b/business-logo-1770477010126.png,image/png
uploads,c5ada37c-2af2-4ac0-b4c6-3b739d0c5b4b/business-logo-1770625511028.png,image/png
uploads,c5ada37c-2af2-4ac0-b4c6-3b739d0c5b4b/business-logo-1770809260465.png,image/png
uploads,c5ada37c-2af2-4ac0-b4c6-3b739d0c5b4b/business-logo-1770908834518.png,image/png
uploads,c5ada37c-2af2-4ac0-b4c6-3b739d0c5b4b/business-logo-1772955574832.png,image/png
